perturb_level,best_accs
1,0.9911392405063291
2,0.5177215189873418
3,0.5050632911392405
4,0.5063291139240507
5,0.5126582278481012
6,0.5139240506329114
7,0.5113924050632911
8,0.49746835443037973
9,0.5088607594936709
10,0.49873417721518987
