perturb_level,best_accs
1,0.7993365113880293
2,0.5360698112840845
3,0.5657864592152839
4,0.5597807721551069
5,0.5426658716392021
6,0.5446045817993715
7,0.5264448804851944
8,0.5434766729037079
9,0.5482802735259488
10,0.5440078518585758
