perturb_level,best_accs
1,0.9923857868020305
2,0.5444162436548223
3,0.5152284263959391
4,0.5177664974619289
5,0.5139593908629442
6,0.5215736040609137
7,0.5203045685279187
8,0.5152284263959391
9,0.5114213197969543
10,0.5152284263959391
