train_loss,train_acc,val_loss,val_acc,best_acc,runtime(s)
0.3299456391913205,0.8346007604562737,0.057726746025483736,0.980246913580247,0.980246913580247,213.01001286506653
