perturb_level,best_accs
1,0.8123456790123457
2,0.5419753086419753
3,0.5592592592592592
4,0.6
5,0.608641975308642
6,0.5703703703703704
7,0.5567901234567901
8,0.5407407407407407
9,0.5790123456790124
10,0.5962962962962963
