train_loss,train_acc,val_loss,val_acc,best_acc,runtime(s)
0.24429346804961038,0.8957286432160804,0.029313329038593013,0.9874686716791979,0.9874686716791979,153.56787037849426
