train_loss,train_acc,val_loss,val_acc,best_acc,runtime
0.20287755918899672,0.9152010050251256,0.04000168859820588,0.9798994974874372,0.9798994974874372,101.32546663284302
