train_loss,train_acc,val_loss,val_acc,best_acc,runtime
0.3179259636069662,0.8505025125628141,0.0442075522384845,0.9849246231155779,0.9849246231155779,93.83099937438965
