train_loss,train_acc,val_loss,val_acc,best_acc,runtime(s)
0.1683966854502957,0.9277638190954773,0.04036745178760648,0.9874686716791979,0.9874686716791979,145.00579833984375
