train_loss,train_acc,val_loss,val_acc,best_acc,runtime(s)
0.3123933222317785,0.8375156838143036,0.050074682283173105,0.9798994974874372,0.9798994974874372,157.06055736541748
