perturb_level,best_accs
1,0.8250624709914252
2,0.5193100218545114
3,0.5160549320791038
4,0.5400633387351318
5,0.5281634024837785
6,0.5395856823859743
7,0.535835546441658
8,0.529518843967009
9,0.5453183562944831
10,0.5393992040106056
