perturb_level,best_accs
1,0.9876543209876543
2,0.5061728395061729
3,0.5074074074074074
4,0.5024691358024691
5,0.5
6,0.5135802469135803
7,0.5172839506172839
8,0.5123456790123457
9,0.4962962962962963
10,0.5
