train_loss,train_acc,val_loss,val_acc,best_acc,runtime(s)
0.386463089644858,0.7967549103330487,0.047214184862536354,0.9778869778869779,0.9778869778869779,74.79454851150513
